"unitid","institution name","year","HD2019.State abbreviation","institution name","HD2019.City location of institution","HD2019.State abbreviation","HD2019.ZIP code","DRVIC2019.Tuition and fees, 2018-19","DRVIC2019.Tuition and fees, 2019-20","HD2019.Institution size category","HD2019.State abbreviation","HD2019.Sector of institution","HD2019.Level of institution","HD2019.Control of institution","HD2019.Degree-granting status","HD2019.Historically Black College or University","HD2019.Tribal college","HD2019.Degree of urbanization (Urban-centric locale)","DRVEF122019.12-month full-time equivalent enrollment: 2018-19"
"142832","Adler University","2019","Illinois","Adler University","Chicago","Illinois","60602",,,"1,000 - 4,999","Illinois","Private not-for-profit, 4-year or above","Four or more years","Private not-for-profit","Degree-granting","No","No","City: Large","1406"
"142887","American Academy of Art","2019","Illinois","American Academy of Art","Chicago","Illinois","60604-4302","34270","35270","Under 1,000","Illinois","Private not-for-profit, 4-year or above","Four or more years","Private not-for-profit","Degree-granting","No","No","City: Large","206"
"142957","American Islamic College","2019","Illinois","American Islamic College","Chicago","Illinois","60613",,"7600","Under 1,000","Illinois","Private not-for-profit, 4-year or above","Four or more years","Private not-for-profit","Degree-granting","No","No","City: Large","11"
"143048","School of the Art Institute of Chicago","2019","Illinois","School of the Art Institute of Chicago","Chicago","Illinois","60603","49310","50920","1,000 - 4,999","Illinois","Private not-for-profit, 4-year or above","Four or more years","Private not-for-profit","Degree-granting","No","No","City: Large","3605"
"143084","Augustana College","2019","Illinois","Augustana College","Rock Island","Illinois","61201-2296","42135","43610","1,000 - 4,999","Illinois","Private not-for-profit, 4-year or above","Four or more years","Private not-for-profit","Degree-granting","No","No","City: Small","2607"
"143118","Aurora University","2019","Illinois","Aurora University","Aurora","Illinois","60506-4892","24260","25060","5,000 - 9,999","Illinois","Private not-for-profit, 4-year or above","Four or more years","Private not-for-profit","Degree-granting","No","No","Suburb: Large","5875"
"143181","Tricoci University of Beauty Culture-Urbana","2019","Illinois","Tricoci University of Beauty Culture-Urbana","Urbana","Illinois","61801",,,"Under 1,000","Illinois","Private for-profit, less-than 2-year","Less than 2 years (below associate)","Private for-profit","Nondegree-granting, primarily postsecondary","No","No","City: Small","120"
"143215","Southwestern Illinois College","2019","Illinois","Southwestern Illinois College","Belleville","Illinois","62221-5899","3660","3660","5,000 - 9,999","Illinois","Public, 2-year","At least 2 but less than 4 years","Public","Degree-granting","No","No","Suburb: Large","6383"
"143279","Black Hawk College","2019","Illinois","Black Hawk College","Moline","Illinois","61265-5899","4470","4470","1,000 - 4,999","Illinois","Public, 2-year","At least 2 but less than 4 years","Public","Degree-granting","No","No","City: Small","3273"
"143288","Blackburn College","2019","Illinois","Blackburn College","Carlinville","Illinois","62626","22410","23510","Under 1,000","Illinois","Private not-for-profit, 4-year or above","Four or more years","Private not-for-profit","Degree-granting","No","No","Town: Distant","556"
"143297","Blessing Rieman College of Nursing and Health Sciences","2019","Illinois","Blessing Rieman College of Nursing and Health Sciences","Quincy","Illinois","62305-7005",,,"Under 1,000","Illinois","Private not-for-profit, 4-year or above","Four or more years","Private not-for-profit","Degree-granting","No","No","Town: Remote","240"
"143303","Blessing Hospital School of Radiologic Technology","2019","Illinois","Blessing Hospital School of Radiologic Technology","Quincy","Illinois","62305-7005",,,"Under 1,000","Illinois","Private not-for-profit, 2-year","At least 2 but less than 4 years","Private not-for-profit","Nondegree-granting, primarily postsecondary","No","No","Town: Remote","20"
"143358","Bradley University","2019","Illinois","Bradley University","Peoria","Illinois","61625-0001","33760","34610","5,000 - 9,999","Illinois","Private not-for-profit, 4-year or above","Four or more years","Private not-for-profit","Degree-granting","No","No","City: Midsize","5517"
"143376","Paul Mitchell the School-Bradley","2019","Illinois","Paul Mitchell the School-Bradley","Bourbonnais","Illinois","60914",,,"Under 1,000","Illinois","Private for-profit, less-than 2-year","Less than 2 years (below associate)","Private for-profit","Nondegree-granting, primarily postsecondary","No","No","Suburb: Small","224"
"143464","Cameo Beauty Academy","2019","Illinois","Cameo Beauty Academy","Oak Lawn","Illinois","60453",,,"Under 1,000","Illinois","Private for-profit, less-than 2-year","Less than 2 years (below associate)","Private for-profit","Nondegree-granting, primarily postsecondary","No","No","Suburb: Large","86"
"143473","Cannella School of Hair Design-Villa Park","2019","Illinois","Cannella School of Hair Design-Villa Park","Villa Park","Illinois","60181",,,"Under 1,000","Illinois","Private for-profit, less-than 2-year","Less than 2 years (below associate)","Private for-profit","Nondegree-granting, primarily postsecondary","No","No","Suburb: Large","34"
"143482","Cannella School of Hair Design-Chicago","2019","Illinois","Cannella School of Hair Design-Chicago","Chicago","Illinois","60617-4303",,,"Under 1,000","Illinois","Private for-profit, less-than 2-year","Less than 2 years (below associate)","Private for-profit","Nondegree-granting, primarily postsecondary","No","No","City: Large","43"
"143491","Cannella School of Hair Design-Chicago","2019","Illinois","Cannella School of Hair Design-Chicago","Chicago","Illinois","60632-2549",,,"Under 1,000","Illinois","Private for-profit, less-than 2-year","Less than 2 years (below associate)","Private for-profit","Nondegree-granting, primarily postsecondary","No","No","City: Large","50"
"143543","Empire Beauty School-Hanover Park","2019","Illinois","Empire Beauty School-Hanover Park","Hanover Park","Illinois","60133-5421",,,"Under 1,000","Illinois","Private for-profit, less-than 2-year","Less than 2 years (below associate)","Private for-profit","Nondegree-granting, primarily postsecondary","No","No","Suburb: Large","49"
"143552","Capri Beauty College","2019","Illinois","Capri Beauty College","Oak Forest","Illinois","60452",,,"Under 1,000","Illinois","Private for-profit, less-than 2-year","Less than 2 years (below associate)","Private for-profit","Nondegree-granting, primarily postsecondary","No","No","Suburb: Large","53"
"143613","Carl Sandburg College","2019","Illinois","Carl Sandburg College","Galesburg","Illinois","61401","4670","4810","1,000 - 4,999","Illinois","Public, 2-year","At least 2 but less than 4 years","Public","Degree-granting","No","No","Rural: Fringe","1236"
"143659","Catholic Theological Union at Chicago","2019","Illinois","Catholic Theological Union at Chicago","Chicago","Illinois","60615-5698",,,"Under 1,000","Illinois","Private not-for-profit, 4-year or above","Four or more years","Private not-for-profit","Degree-granting","No","No","City: Large","161"
"143695","La James International College-East Moline","2019","Illinois","La James International College-East Moline","East Moline","Illinois","61244",,,"Under 1,000","Illinois","Private for-profit, less-than 2-year","Less than 2 years (below associate)","Private for-profit","Nondegree-granting, primarily postsecondary","No","No","Suburb: Large","11"
"143853","Midwestern University-Downers Grove","2019","Illinois","Midwestern University-Downers Grove","Downers Grove","Illinois","60515-5514",,,"1,000 - 4,999","Illinois","Private not-for-profit, 4-year or above","Four or more years","Private not-for-profit","Degree-granting","No","No","Suburb: Large","3296"
"143978","The Chicago School of Professional Psychology at Chicago","2019","Illinois","The Chicago School of Professional Psychology at Chicago","Chicago","Illinois","60654",,,"1,000 - 4,999","Illinois","Private not-for-profit, 4-year or above","Four or more years","Private not-for-profit","Degree-granting","No","No","City: Large","1161"
"144005","Chicago State University","2019","Illinois","Chicago State University","Chicago","Illinois","60628-1598","10163","11366","1,000 - 4,999","Illinois","Public, 4-year or above","Four or more years","Public","Degree-granting","No","No","City: Large","2265"
"144014","Chicago Theological Seminary","2019","Illinois","Chicago Theological Seminary","Chicago","Illinois","60637",,,"Under 1,000","Illinois","Private not-for-profit, 4-year or above","Four or more years","Private not-for-profit","Degree-granting","No","No","City: Large","109"
"144050","University of Chicago","2019","Illinois","University of Chicago","Chicago","Illinois","60637","58230","60552","10,000 - 19,999","Illinois","Private not-for-profit, 4-year or above","Four or more years","Private not-for-profit","Degree-granting","No","No","City: Large","16572"
"144157","City Colleges of Chicago-Kennedy-King College","2019","Illinois","City Colleges of Chicago-Kennedy-King College","Chicago","Illinois","60621-2709","3504","3504","1,000 - 4,999","Illinois","Public, 2-year","At least 2 but less than 4 years","Public","Degree-granting","No","No","City: Large","2203"
"144166","City Colleges of Chicago-Malcolm X College","2019","Illinois","City Colleges of Chicago-Malcolm X College","Chicago","Illinois","60612-3197","3504","3504","5,000 - 9,999","Illinois","Public, 2-year","At least 2 but less than 4 years","Public","Degree-granting","No","No","City: Large","5128"
"144175","City Colleges of Chicago-Olive-Harvey College","2019","Illinois","City Colleges of Chicago-Olive-Harvey College","Chicago","Illinois","60628-1696","3504","3504","1,000 - 4,999","Illinois","Public, 2-year","At least 2 but less than 4 years","Public","Degree-granting","No","No","City: Large","1744"
"144184","City Colleges of Chicago-Harry S Truman College","2019","Illinois","City Colleges of Chicago-Harry S Truman College","Chicago","Illinois","60640-6063","3504","3504","5,000 - 9,999","Illinois","Public, 2-year","At least 2 but less than 4 years","Public","Degree-granting","No","No","City: Large","5366"
"144193","City Colleges of Chicago-Richard J Daley College","2019","Illinois","City Colleges of Chicago-Richard J Daley College","Chicago","Illinois","60652-1299","3504","3504","5,000 - 9,999","Illinois","Public, 2-year","At least 2 but less than 4 years","Public","Degree-granting","No","No","City: Large","5166"
"144209","City Colleges of Chicago-Harold Washington College","2019","Illinois","City Colleges of Chicago-Harold Washington College","Chicago","Illinois","60601-2449","3504","3504","5,000 - 9,999","Illinois","Public, 2-year","At least 2 but less than 4 years","Public","Degree-granting","No","No","City: Large","5946"
"144218","City Colleges of Chicago-Wilbur Wright College","2019","Illinois","City Colleges of Chicago-Wilbur Wright College","Chicago","Illinois","60634-1500","3504","3504","5,000 - 9,999","Illinois","Public, 2-year","At least 2 but less than 4 years","Public","Degree-granting","No","No","City: Large","6924"
"144281","Columbia College Chicago","2019","Illinois","Columbia College Chicago","Chicago","Illinois","60605-1996","27176","27756","5,000 - 9,999","Illinois","Private not-for-profit, 4-year or above","Four or more years","Private not-for-profit","Degree-granting","No","No","City: Large","6419"
"144351","Concordia University-Chicago","2019","Illinois","Concordia University-Chicago","River Forest","Illinois","60305-1499","32078","32880","5,000 - 9,999","Illinois","Private not-for-profit, 4-year or above","Four or more years","Private not-for-profit","Degree-granting","No","No","Suburb: Large","4204"
"144485","Coyne College","2019","Illinois","Coyne College","Chicago","Illinois","60602-3304",,,"Under 1,000","Illinois","Private for-profit, 2-year","At least 2 but less than 4 years","Private for-profit","Degree-granting","No","No","City: Large","834"
"144500","City Colleges of Chicago-District Office","2019","Illinois","City Colleges of Chicago-District Office","Chicago","Illinois","60601",,,"Not applicable","Illinois","Administrative Unit","At least 2 but less than 4 years","Public","Degree-granting","No","No","City: Large",
"144564","Danville Area Community College","2019","Illinois","Danville Area Community College","Danville","Illinois","61832-5118","5025","5025","1,000 - 4,999","Illinois","Public, 2-year","At least 2 but less than 4 years","Public","Degree-granting","No","No","City: Small","1695"
"144573","Tricoci University of Beauty Culture-Danville","2019","Illinois","Tricoci University of Beauty Culture-Danville","Danville","Illinois","61832",,,"Under 1,000","Illinois","Private for-profit, less-than 2-year","Less than 2 years (below associate)","Private for-profit","Nondegree-granting, primarily postsecondary","No","No","Suburb: Small","51"
"144740","DePaul University","2019","Illinois","DePaul University","Chicago","Illinois","60604","39975","41202","20,000 and above","Illinois","Private not-for-profit, 4-year or above","Four or more years","Private not-for-profit","Degree-granting","No","No","City: Large","20073"
"144777","DeVry University-Administrative Office","2019","Illinois","DeVry University-Administrative Office","Naperville","Illinois","60563",,,"Not applicable","Illinois","Administrative Unit","Four or more years","Private for-profit","Degree-granting","No","No","City: Midsize",
"144795","Cosmetology & Spa Academy","2019","Illinois","Cosmetology & Spa Academy","Crystal Lake","Illinois","60014",,,"Under 1,000","Illinois","Private for-profit, less-than 2-year","Less than 2 years (below associate)","Private for-profit","Nondegree-granting, primarily postsecondary","No","No","Suburb: Large","401"
"144865","College of DuPage","2019","Illinois","College of DuPage","Glen Ellyn","Illinois","60137-6599","4080","4110","20,000 and above","Illinois","Public, 2-year","At least 2 but less than 4 years","Public","Degree-granting","No","No","Suburb: Large","16019"
"144883","East-West University","2019","Illinois","East-West University","Chicago","Illinois","60605","22050","22650","Under 1,000","Illinois","Private not-for-profit, 4-year or above","Four or more years","Private not-for-profit","Degree-granting","No","No","City: Large","351"
"144892","Eastern Illinois University","2019","Illinois","Eastern Illinois University","Charleston","Illinois","61920","11803","11989","5,000 - 9,999","Illinois","Public, 4-year or above","Four or more years","Public","Degree-granting","No","No","Town: Distant","5828"
"144944","Elgin Community College","2019","Illinois","Elgin Community College","Elgin","Illinois","60123-7193","3179","3180","5,000 - 9,999","Illinois","Public, 2-year","At least 2 but less than 4 years","Public","Degree-granting","No","No","City: Midsize","6470"
"144962","Elmhurst College","2019","Illinois","Elmhurst College","Elmhurst","Illinois","60126-3296","37055","37754","1,000 - 4,999","Illinois","Private not-for-profit, 4-year or above","Four or more years","Private not-for-profit","Degree-granting","No","No","Suburb: Large","3479"
"144971","Eureka College","2019","Illinois","Eureka College","Eureka","Illinois","61530","25390","27560","Under 1,000","Illinois","Private not-for-profit, 4-year or above","Four or more years","Private not-for-profit","Degree-granting","No","No","Town: Fringe","531"
"145099","First Institute of Travel, Inc.","2019","Illinois","First Institute of Travel, Inc.","Crystal Lake","Illinois","60014",,,"Under 1,000","Illinois","Private for-profit, less-than 2-year","Less than 2 years (below associate)","Private for-profit","Nondegree-granting, primarily postsecondary","No","No","Suburb: Large","297"
"145239","Fox College","2019","Illinois","Fox College","Bedford Park","Illinois","60638","15220","15280","Under 1,000","Illinois","Private for-profit, 2-year","At least 2 but less than 4 years","Private for-profit","Degree-granting","No","No","Suburb: Large","668"
"145275","Garrett-Evangelical Theological Seminary","2019","Illinois","Garrett-Evangelical Theological Seminary","Evanston","Illinois","60201-3298",,,"Under 1,000","Illinois","Private not-for-profit, 4-year or above","Four or more years","Private not-for-profit","Degree-granting","No","No","City: Small","219"
"145309","Gem City College","2019","Illinois","Gem City College","Quincy","Illinois","62301",,,"Under 1,000","Illinois","Private for-profit, less-than 2-year","Less than 2 years (below associate)","Private for-profit","Nondegree-granting, primarily postsecondary","No","No","Town: Remote","30"
"145336","Governors State University","2019","Illinois","Governors State University","University Park","Illinois","60484","9772","10070","1,000 - 4,999","Illinois","Public, 4-year or above","Four or more years","Public","Degree-granting","No","No","Rural: Fringe","3747"
"145354","Graham Hospital School of Nursing","2019","Illinois","Graham Hospital School of Nursing","Canton","Illinois","61520-2497","12212","6896","Under 1,000","Illinois","Private not-for-profit, 2-year","At least 2 but less than 4 years","Private not-for-profit","Nondegree-granting, primarily postsecondary","No","No","Town: Distant","24"
"145372","Greenville University","2019","Illinois","Greenville University","Greenville","Illinois","62246","27130","27910","1,000 - 4,999","Illinois","Private not-for-profit, 4-year or above","Four or more years","Private not-for-profit","Degree-granting","No","No","Town: Distant","1087"
"145406","G Skin & Beauty Institute","2019","Illinois","G Skin & Beauty Institute","Schaumburg","Illinois","60195",,,"Under 1,000","Illinois","Private for-profit, less-than 2-year","Less than 2 years (below associate)","Private for-profit","Nondegree-granting, primarily postsecondary","No","No","City: Small","353"
"145424","Hair Professionals Career College","2019","Illinois","Hair Professionals Career College","Sycamore","Illinois","60178",,,"Under 1,000","Illinois","Private for-profit, less-than 2-year","Less than 2 years (below associate)","Private for-profit","Nondegree-granting, primarily postsecondary","No","No","Suburb: Small","30"
"145433","Hair Professionals School of Cosmetology","2019","Illinois","Hair Professionals School of Cosmetology","Oswego","Illinois","60543",,,"Under 1,000","Illinois","Private for-profit, less-than 2-year","Less than 2 years (below associate)","Private for-profit","Nondegree-granting, primarily postsecondary","No","No","Suburb: Large","89"
"145497","Hebrew Theological College","2019","Illinois","Hebrew Theological College","Skokie","Illinois","60077","12920","13300","Under 1,000","Illinois","Private not-for-profit, 4-year or above","Four or more years","Private not-for-profit","Degree-granting","No","No","City: Small","127"
"145521","Highland Community College","2019","Illinois","Highland Community College","Freeport","Illinois","61032-9341","4167","4302","1,000 - 4,999","Illinois","Public, 2-year","At least 2 but less than 4 years","Public","Degree-granting","No","No","Town: Distant","1195"
"145558","Rosalind Franklin University of Medicine and Science","2019","Illinois","Rosalind Franklin University of Medicine and Science","North Chicago","Illinois","60064-3095",,,"1,000 - 4,999","Illinois","Private not-for-profit, 4-year or above","Four or more years","Private not-for-profit","Degree-granting","No","No","Suburb: Large","2319"
"145600","University of Illinois at Chicago","2019","Illinois","University of Illinois at Chicago","Chicago","Illinois","60607","13764","13874","20,000 and above","Illinois","Public, 4-year or above","Four or more years","Public","Degree-granting","No","No","City: Large","32004"
"145619","Benedictine University","2019","Illinois","Benedictine University","Lisle","Illinois","60532-0900","34290","34290","1,000 - 4,999","Illinois","Private not-for-profit, 4-year or above","Four or more years","Private not-for-profit","Degree-granting","No","No","Suburb: Large","4593"
"145628","Illinois College of Optometry","2019","Illinois","Illinois College of Optometry","Chicago","Illinois","60616-3878",,,"Under 1,000","Illinois","Private not-for-profit, 4-year or above","Four or more years","Private not-for-profit","Degree-granting","No","No","City: Large","602"
"145637","University of Illinois at Urbana-Champaign","2019","Illinois","University of Illinois at Urbana-Champaign","Champaign","Illinois","61820-5711","15094","15122","20,000 and above","Illinois","Public, 4-year or above","Four or more years","Public","Degree-granting","No","No","City: Small","53117"
"145646","Illinois Wesleyan University","2019","Illinois","Illinois Wesleyan University","Bloomington","Illinois","61702-2900","47636","50028","1,000 - 4,999","Illinois","Private not-for-profit, 4-year or above","Four or more years","Private not-for-profit","Degree-granting","No","No","City: Small","1690"
"145682","Illinois Central College","2019","Illinois","Illinois Central College","East Peoria","Illinois","61635-0001","4500","4500","5,000 - 9,999","Illinois","Public, 2-year","At least 2 but less than 4 years","Public","Degree-granting","No","No","Suburb: Large","5336"
"145691","Illinois College","2019","Illinois","Illinois College","Jacksonville","Illinois","62650-2299","33090","33740","1,000 - 4,999","Illinois","Private not-for-profit, 4-year or above","Four or more years","Private not-for-profit","Degree-granting","No","No","Town: Distant","1044"
"145707","Olney Central College","2019","Illinois","Olney Central College","Olney","Illinois","62450","3970","4098","1,000 - 4,999","Illinois","Public, 2-year","At least 2 but less than 4 years","Public","Degree-granting","No","No","Town: Remote","970"
"145725","Illinois Institute of Technology","2019","Illinois","Illinois Institute of Technology","Chicago","Illinois","60616","47646","49280","5,000 - 9,999","Illinois","Private not-for-profit, 4-year or above","Four or more years","Private not-for-profit","Degree-granting","No","No","City: Large","6477"
"145813","Illinois State University","2019","Illinois","Illinois State University","Normal","Illinois","61790-1000","14516","14832","20,000 and above","Illinois","Public, 4-year or above","Four or more years","Public","Degree-granting","No","No","Suburb: Midsize","18919"
"145831","Illinois Valley Community College","2019","Illinois","Illinois Valley Community College","Oglesby","Illinois","61348-9692","4000","4000","1,000 - 4,999","Illinois","Public, 2-year","At least 2 but less than 4 years","Public","Degree-granting","No","No","Rural: Fringe","1914"
"145886","Institute for Clinical Social Work","2019","Illinois","Institute for Clinical Social Work","Chicago","Illinois","60605-1229",,,"Under 1,000","Illinois","Private not-for-profit, 4-year or above","Four or more years","Private not-for-profit","Degree-granting","No","No","City: Large","61"
"146205","John A Logan College","2019","Illinois","John A Logan College","Carterville","Illinois","62918-2500","3766","3766","1,000 - 4,999","Illinois","Public, 2-year","At least 2 but less than 4 years","Public","Degree-granting","No","No","Suburb: Small","2877"
"146241","The John Marshall Law School","2019","Illinois","The John Marshall Law School","Chicago","Illinois","60604",,,"1,000 - 4,999","Illinois","Private not-for-profit, 4-year or above","Four or more years","Private not-for-profit","Degree-granting","No","No","City: Large","1056"
"146278","John Wood Community College","2019","Illinois","John Wood Community College","Quincy","Illinois","62305-8736","4890","4890","1,000 - 4,999","Illinois","Public, 2-year","At least 2 but less than 4 years","Public","Degree-granting","No","No","Rural: Fringe","1389"
"146296","Joliet Junior College","2019","Illinois","Joliet Junior College","Joliet","Illinois","60431-8938","4380","4440","10,000 - 19,999","Illinois","Public, 2-year","At least 2 but less than 4 years","Public","Degree-granting","No","No","Suburb: Large","9225"
"146339","Judson University","2019","Illinois","Judson University","Elgin","Illinois","60123-1498","29860","29870","1,000 - 4,999","Illinois","Private not-for-profit, 4-year or above","Four or more years","Private not-for-profit","Degree-granting","No","No","City: Midsize","1278"
"146348","Kankakee Community College","2019","Illinois","Kankakee Community College","Kankakee","Illinois","60901","4620","4830","1,000 - 4,999","Illinois","Public, 2-year","At least 2 but less than 4 years","Public","Degree-granting","No","No","City: Small","1753"
"146366","Kaskaskia College","2019","Illinois","Kaskaskia College","Centralia","Illinois","62801","4470","4560","1,000 - 4,999","Illinois","Public, 2-year","At least 2 but less than 4 years","Public","Degree-granting","No","No","Rural: Fringe","2299"
"146418","Kishwaukee College","2019","Illinois","Kishwaukee College","Malta","Illinois","60150-9699","4800","4890","1,000 - 4,999","Illinois","Public, 2-year","At least 2 but less than 4 years","Public","Degree-granting","No","No","Rural: Fringe","2102"
"146427","Knox College","2019","Illinois","Knox College","Galesburg","Illinois","61401-9999","46554","48168","1,000 - 4,999","Illinois","Private not-for-profit, 4-year or above","Four or more years","Private not-for-profit","Degree-granting","No","No","Town: Distant","1308"
"146454","Educators of Beauty College of Cosmetology-Peru","2019","Illinois","Educators of Beauty College of Cosmetology-Peru","PERU","Illinois","61354-1450",,,"Under 1,000","Illinois","Private for-profit, less-than 2-year","Less than 2 years (below associate)","Private for-profit","Nondegree-granting, primarily postsecondary","No","No","Town: Distant","63"
"146472","College of Lake County","2019","Illinois","College of Lake County","Grayslake","Illinois","60030-1198","3948","4032","10,000 - 19,999","Illinois","Public, 2-year","At least 2 but less than 4 years","Public","Degree-granting","No","No","Suburb: Large","8784"
"146481","Lake Forest College","2019","Illinois","Lake Forest College","Lake Forest","Illinois","60045-2399","47064","48424","1,000 - 4,999","Illinois","Private not-for-profit, 4-year or above","Four or more years","Private not-for-profit","Degree-granting","No","No","Suburb: Large","1630"
"146490","Lake Forest Graduate School of Management","2019","Illinois","Lake Forest Graduate School of Management","Lake Forest","Illinois","60045",,,"Under 1,000","Illinois","Private not-for-profit, 4-year or above","Four or more years","Private not-for-profit","Degree-granting","No","No","Suburb: Large","250"
"146506","Lake Land College","2019","Illinois","Lake Land College","Mattoon","Illinois","61938","4110","4130","1,000 - 4,999","Illinois","Public, 2-year","At least 2 but less than 4 years","Public","Degree-granting","No","No","Town: Distant","5776"
"146533","Lakeview College of Nursing","2019","Illinois","Lakeview College of Nursing","Danville","Illinois","61832",,,"Under 1,000","Illinois","Private not-for-profit, 4-year or above","Four or more years","Private not-for-profit","Degree-granting","No","No","City: Small","143"
"146603","Lewis and Clark Community College","2019","Illinois","Lewis and Clark Community College","Godfrey","Illinois","62035","4144","3552","5,000 - 9,999","Illinois","Public, 2-year","At least 2 but less than 4 years","Public","Degree-granting","No","No","Suburb: Small","3379"
"146612","Lewis University","2019","Illinois","Lewis University","Romeoville","Illinois","60446-2200","32450","33430","5,000 - 9,999","Illinois","Private not-for-profit, 4-year or above","Four or more years","Private not-for-profit","Degree-granting","No","No","Suburb: Large","5732"
"146667","Lincoln Christian University","2019","Illinois","Lincoln Christian University","Lincoln","Illinois","62656-2111","13200","13590","Under 1,000","Illinois","Private not-for-profit, 4-year or above","Four or more years","Private not-for-profit","Degree-granting","No","No","Town: Distant","554"
"146676","Lincoln College","2019","Illinois","Lincoln College","Lincoln","Illinois","62656","18600","19000","1,000 - 4,999","Illinois","Private not-for-profit, 4-year or above","Four or more years","Private not-for-profit","Degree-granting","No","No","Town: Distant","876"
"146685","Lincoln Land Community College","2019","Illinois","Lincoln Land Community College","Springfield","Illinois","62794-9256","3372","3420","5,000 - 9,999","Illinois","Public, 2-year","At least 2 but less than 4 years","Public","Degree-granting","No","No","City: Midsize","4179"
"146700","Lincoln College of Technology-Melrose Park","2019","Illinois","Lincoln College of Technology-Melrose Park","Melrose Park","Illinois","60160-1605",,,"Under 1,000","Illinois","Private for-profit, 2-year","At least 2 but less than 4 years","Private for-profit","Degree-granting","No","No","Suburb: Large","805"
"146719","Loyola University Chicago","2019","Illinois","Loyola University Chicago","Chicago","Illinois","60660","44048","45543","10,000 - 19,999","Illinois","Private not-for-profit, 4-year or above","Four or more years","Private not-for-profit","Degree-granting","No","No","City: Large","15983"
"146728","Lutheran School of Theology at Chicago","2019","Illinois","Lutheran School of Theology at Chicago","Chicago","Illinois","60615-5134",,,"Under 1,000","Illinois","Private not-for-profit, 4-year or above","Four or more years","Private not-for-profit","Degree-granting","No","No","City: Large","48"
"146755","Trinity College of Nursing & Health Sciences","2019","Illinois","Trinity College of Nursing & Health Sciences","Rock Island","Illinois","61201-5317","27106","26075","Under 1,000","Illinois","Private not-for-profit, 4-year or above","Four or more years","Private not-for-profit","Degree-granting","No","No","City: Small","170"
"146807","Steven Papageorge Hair Academy","2019","Illinois","Steven Papageorge Hair Academy","Chicago","Illinois","60657",,,"Under 1,000","Illinois","Private for-profit, less-than 2-year","Less than 2 years (below associate)","Private for-profit","Nondegree-granting, primarily postsecondary","No","No","City: Large","43"
"146816","MacCormac College","2019","Illinois","MacCormac College","Chicago","Illinois","60602-4405","12660","12700","Under 1,000","Illinois","Private not-for-profit, 2-year","At least 2 but less than 4 years","Private not-for-profit","Degree-granting","No","No","City: Large","292"
"146825","MacMurray College","2019","Illinois","MacMurray College","Jacksonville","Illinois","62650-2590","27710","28540","Under 1,000","Illinois","Private not-for-profit, 4-year or above","Four or more years","Private not-for-profit","Degree-granting","No","No","Town: Distant","506"
"146977","McCormick Theological Seminary","2019","Illinois","McCormick Theological Seminary","Chicago","Illinois","60615",,,"Under 1,000","Illinois","Private not-for-profit, 4-year or above","Four or more years","Private not-for-profit","Degree-granting","No","No","City: Large","110"
"147004","McHenry County College","2019","Illinois","McHenry County College","Crystal Lake","Illinois","60012-2761","3494","3584","5,000 - 9,999","Illinois","Public, 2-year","At least 2 but less than 4 years","Public","Degree-granting","No","No","Rural: Fringe","4268"
"147013","McKendree University","2019","Illinois","McKendree University","Lebanon","Illinois","62254-1291","30520","31640","1,000 - 4,999","Illinois","Private not-for-profit, 4-year or above","Four or more years","Private not-for-profit","Degree-granting","No","No","Suburb: Large","2159"
"147031","Meadville Lombard Theological School","2019","Illinois","Meadville Lombard Theological School","Chicago","Illinois","60605",,,"Under 1,000","Illinois","Private not-for-profit, 4-year or above","Four or more years","Private not-for-profit","Degree-granting","No","No","City: Large","105"
"147129","Methodist College","2019","Illinois","Methodist College","Peoria","Illinois","61615","20750","17560","Under 1,000","Illinois","Private not-for-profit, 4-year or above","Four or more years","Private not-for-profit","Degree-granting","No","No","City: Midsize","608"
"147165","Midstate College","2019","Illinois","Midstate College","Peoria","Illinois","61614-3595",,,"Not applicable","Illinois","Private for-profit, 4-year or above","Four or more years","Private for-profit","Degree-granting","No","No","City: Midsize",
"147244","Millikin University","2019","Illinois","Millikin University","Decatur","Illinois","62522-2084","35002","37054","1,000 - 4,999","Illinois","Private not-for-profit, 4-year or above","Four or more years","Private not-for-profit","Degree-granting","No","No","City: Small","2191"
"147341","Monmouth College","2019","Illinois","Monmouth College","Monmouth","Illinois","61462-1998","37674","38990","Under 1,000","Illinois","Private not-for-profit, 4-year or above","Four or more years","Private not-for-profit","Degree-granting","No","No","Town: Distant","935"
"147369","Moody Bible Institute","2019","Illinois","Moody Bible Institute","Chicago","Illinois","60610-3284","13056","13290","1,000 - 4,999","Illinois","Private not-for-profit, 4-year or above","Four or more years","Private not-for-profit","Degree-granting","No","No","City: Large","2633"
"147378","Moraine Valley Community College","2019","Illinois","Moraine Valley Community College","Palos Hills","Illinois","60465-0937","4356","4446","10,000 - 19,999","Illinois","Public, 2-year","At least 2 but less than 4 years","Public","Degree-granting","No","No","Suburb: Large","9185"
"147396","Morrison Institute of Technology","2019","Illinois","Morrison Institute of Technology","Morrison","Illinois","61270-2959","16100","17400","Under 1,000","Illinois","Private not-for-profit, 2-year","At least 2 but less than 4 years","Private not-for-profit","Degree-granting","No","No","Town: Distant","125"
"147411","Morton College","2019","Illinois","Morton College","Cicero","Illinois","60804-4398","4372","4798","1,000 - 4,999","Illinois","Public, 2-year","At least 2 but less than 4 years","Public","Degree-granting","No","No","Suburb: Large","2749"
"147439","Mr John's School of Cosmetology Esthetics & Nails-Decatur","2019","Illinois","Mr John's School of Cosmetology Esthetics & Nails-Decatur","Decatur","Illinois","62521",,,"Under 1,000","Illinois","Private for-profit, 2-year","At least 2 but less than 4 years","Private for-profit","Nondegree-granting, primarily postsecondary","No","No","City: Small","51"
"147536","National Louis University","2019","Illinois","National Louis University","Chicago","Illinois","60603","10710","11010","5,000 - 9,999","Illinois","Private not-for-profit, 4-year or above","Four or more years","Private not-for-profit","Degree-granting","No","No","City: Large","5034"
"147590","National University of Health Sciences","2019","Illinois","National University of Health Sciences","Lombard","Illinois","60148-4583",,,"Under 1,000","Illinois","Private not-for-profit, 4-year or above","Four or more years","Private not-for-profit","Degree-granting","No","No","Suburb: Large","877"
"147642","Niles School of Cosmetology","2019","Illinois","Niles School of Cosmetology","Niles","Illinois","60714",,,"Under 1,000","Illinois","Private for-profit, less-than 2-year","Less than 2 years (below associate)","Private for-profit","Nondegree-granting, primarily postsecondary","No","No","Suburb: Large","49"
"147660","North Central College","2019","Illinois","North Central College","Naperville","Illinois","60540","38880","40040","1,000 - 4,999","Illinois","Private not-for-profit, 4-year or above","Four or more years","Private not-for-profit","Degree-granting","No","No","City: Midsize","2872"
"147679","North Park University","2019","Illinois","North Park University","Chicago","Illinois","60625-4895","29860","31030","1,000 - 4,999","Illinois","Private not-for-profit, 4-year or above","Four or more years","Private not-for-profit","Degree-granting","No","No","City: Large","2421"
"147697","Northern Baptist Theological Seminary","2019","Illinois","Northern Baptist Theological Seminary","Lisle","Illinois","60532-1348",,,"Under 1,000","Illinois","Private not-for-profit, 4-year or above","Four or more years","Private not-for-profit","Degree-granting","No","No","Suburb: Large","85"
"147703","Northern Illinois University","2019","Illinois","Northern Illinois University","Dekalb","Illinois","60115-2828","14617","14610","10,000 - 19,999","Illinois","Public, 4-year or above","Four or more years","Public","Degree-granting","No","No","Suburb: Small","14722"
"147767","Northwestern University","2019","Illinois","Northwestern University","Evanston","Illinois","60208","54567","56691","20,000 and above","Illinois","Private not-for-profit, 4-year or above","Four or more years","Private not-for-profit","Degree-granting","No","No","City: Small","20172"
"147776","Northeastern Illinois University","2019","Illinois","Northeastern Illinois University","Chicago","Illinois","60625-4699","11218","11462","5,000 - 9,999","Illinois","Public, 4-year or above","Four or more years","Public","Degree-granting","No","No","City: Large","5711"
"147800","Oakton Community College","2019","Illinois","Oakton Community College","Des Plaines","Illinois","60016-1268","3985","3985","5,000 - 9,999","Illinois","Public, 2-year","At least 2 but less than 4 years","Public","Degree-granting","No","No","City: Small","5870"
"147819","Oehrlein School of Cosmetology","2019","Illinois","Oehrlein School of Cosmetology","East Peoria","Illinois","61611",,,"Under 1,000","Illinois","Private for-profit, less-than 2-year","Less than 2 years (below associate)","Private for-profit","Nondegree-granting, primarily postsecondary","No","No","Suburb: Large","40"
"147828","Olivet Nazarene University","2019","Illinois","Olivet Nazarene University","Bourbonnais","Illinois","60914-2271","36070","37070","1,000 - 4,999","Illinois","Private not-for-profit, 4-year or above","Four or more years","Private not-for-profit","Degree-granting","No","No","Suburb: Small","4364"
"147916","Parkland College","2019","Illinois","Parkland College","Champaign","Illinois","61821-1899","4920","5130","5,000 - 9,999","Illinois","Public, 2-year","At least 2 but less than 4 years","Public","Degree-granting","No","No","City: Small","4942"
"148007","Prairie State College","2019","Illinois","Prairie State College","Chicago Heights","Illinois","60411-8226","4176","4176","1,000 - 4,999","Illinois","Public, 2-year","At least 2 but less than 4 years","Public","Degree-granting","No","No","Suburb: Large","3026"
"148016","Principia College","2019","Illinois","Principia College","Elsah","Illinois","62028-9799","29470","30190","Under 1,000","Illinois","Private not-for-profit, 4-year or above","Four or more years","Private not-for-profit","Degree-granting","No","No","Rural: Fringe","437"
"148098","Professional's Choice Hair Design Academy","2019","Illinois","Professional's Choice Hair Design Academy","Joliet","Illinois","60435",,,"Under 1,000","Illinois","Private for-profit, less-than 2-year","Less than 2 years (below associate)","Private for-profit","Nondegree-granting, primarily postsecondary","No","No","Suburb: Large","33"
"148131","Quincy University","2019","Illinois","Quincy University","Quincy","Illinois","62301-2699","28562","30450","1,000 - 4,999","Illinois","Private not-for-profit, 4-year or above","Four or more years","Private not-for-profit","Degree-granting","No","No","Town: Remote","1122"
"148256","Rend Lake College","2019","Illinois","Rend Lake College","Ina","Illinois","62846","3900","4050","1,000 - 4,999","Illinois","Public, 2-year","At least 2 but less than 4 years","Public","Degree-granting","No","No","Rural: Distant","1896"
"148292","Richland Community College","2019","Illinois","Richland Community College","Decatur","Illinois","62521-8512","4410","4500","1,000 - 4,999","Illinois","Public, 2-year","At least 2 but less than 4 years","Public","Degree-granting","No","No","City: Small","1644"
"148335","Robert Morris University Illinois","2019","Illinois","Robert Morris University Illinois","Chicago","Illinois","60605","28050","29400","1,000 - 4,999","Illinois","Private not-for-profit, 4-year or above","Four or more years","Private not-for-profit","Degree-granting","No","No","City: Large","2014"
"148380","Rock Valley College","2019","Illinois","Rock Valley College","Rockford","Illinois","61114-5699","3764","4064","5,000 - 9,999","Illinois","Public, 2-year","At least 2 but less than 4 years","Public","Degree-granting","No","No","City: Midsize","4678"
"148399","Madison Media Institute-Rockford Career College","2019","Illinois","Madison Media Institute-Rockford Career College","Rockford","Illinois","61108",,,"Not reported","Illinois","Private for-profit, 2-year","At least 2 but less than 4 years","Private for-profit","Degree-granting","No","No","City: Midsize",
"148405","Rockford University","2019","Illinois","Rockford University","Rockford","Illinois","61108-2311","30930","32100","1,000 - 4,999","Illinois","Private not-for-profit, 4-year or above","Four or more years","Private not-for-profit","Degree-granting","No","No","City: Midsize","1120"
"148487","Roosevelt University","2019","Illinois","Roosevelt University","Chicago","Illinois","60605-1394","29832","30876","1,000 - 4,999","Illinois","Private not-for-profit, 4-year or above","Four or more years","Private not-for-profit","Degree-granting","No","No","City: Large","3621"
"148496","Dominican University","2019","Illinois","Dominican University","River Forest","Illinois","60305","33584","34420","1,000 - 4,999","Illinois","Private not-for-profit, 4-year or above","Four or more years","Private not-for-profit","Degree-granting","No","No","Suburb: Large","2837"
"148511","Rush University","2019","Illinois","Rush University","Chicago","Illinois","60612",,,"1,000 - 4,999","Illinois","Private not-for-profit, 4-year or above","Four or more years","Private not-for-profit","Degree-granting","No","No","City: Large","2728"
"148575","Saint Francis Medical Center College of Nursing","2019","Illinois","Saint Francis Medical Center College of Nursing","Peoria","Illinois","61603-3783",,,"Under 1,000","Illinois","Private not-for-profit, 4-year or above","Four or more years","Private not-for-profit","Degree-granting","No","No","City: Midsize","426"
"148584","University of St Francis","2019","Illinois","University of St Francis","Joliet","Illinois","60435-6188","32320","34000","1,000 - 4,999","Illinois","Private not-for-profit, 4-year or above","Four or more years","Private not-for-profit","Degree-granting","No","No","Suburb: Large","3075"
"148593","St. John's College-Department of Nursing","2019","Illinois","St. John's College-Department of Nursing","Springfield","Illinois","62702",,,"Under 1,000","Illinois","Private not-for-profit, 4-year or above","Four or more years","Private not-for-profit","Degree-granting","No","No","City: Midsize","141"
"148627","Saint Xavier University","2019","Illinois","Saint Xavier University","Chicago","Illinois","60655","33880","34380","1,000 - 4,999","Illinois","Private not-for-profit, 4-year or above","Four or more years","Private not-for-profit","Degree-granting","No","No","City: Large","3332"
"148654","University of Illinois at Springfield","2019","Illinois","University of Illinois at Springfield","Springfield","Illinois","62703-5407","11813","11813","1,000 - 4,999","Illinois","Public, 4-year or above","Four or more years","Public","Degree-granting","No","No","City: Midsize","3578"
"148672","Sauk Valley Community College","2019","Illinois","Sauk Valley Community College","Dixon","Illinois","61021-9112","4470","4680","1,000 - 4,999","Illinois","Public, 2-year","At least 2 but less than 4 years","Public","Degree-granting","No","No","Rural: Fringe","1193"
"148821","Shawnee Community College","2019","Illinois","Shawnee Community College","Ullin","Illinois","62992","4000","3750","1,000 - 4,999","Illinois","Public, 2-year","At least 2 but less than 4 years","Public","Degree-granting","No","No","Rural: Remote","1135"
"148876","Saint Augustine College","2019","Illinois","Saint Augustine College","Chicago","Illinois","60640-3501","11400","11736","1,000 - 4,999","Illinois","Private not-for-profit, 4-year or above","Four or more years","Private not-for-profit","Degree-granting","No","No","City: Large","826"
"148885","University of Saint Mary of the Lake","2019","Illinois","University of Saint Mary of the Lake","Mundelein","Illinois","60060-1174",,,"Under 1,000","Illinois","Private not-for-profit, 4-year or above","Four or more years","Private not-for-profit","Degree-granting","No","No","Suburb: Large","133"
"148937","Southeastern Illinois College","2019","Illinois","Southeastern Illinois College","Harrisburg","Illinois","62946","3960","4020","1,000 - 4,999","Illinois","Public, 2-year","At least 2 but less than 4 years","Public","Degree-granting","No","No","Rural: Distant","984"
"148955","National Latino Education Institute","2019","Illinois","National Latino Education Institute","Chicago","Illinois","60609-2205",,,"Under 1,000","Illinois","Private not-for-profit, less-than 2-year","Less than 2 years (below associate)","Private not-for-profit","Nondegree-granting, primarily postsecondary","No","No","City: Large","18"
"148982","Spertus College","2019","Illinois","Spertus College","Chicago","Illinois","60605",,,"Under 1,000","Illinois","Private not-for-profit, 4-year or above","Four or more years","Private not-for-profit","Degree-granting","No","No","City: Large","36"
"148991","Spoon River College","2019","Illinois","Spoon River College","Canton","Illinois","61520-8622","4950","5100","1,000 - 4,999","Illinois","Public, 2-year","At least 2 but less than 4 years","Public","Degree-granting","No","No","Rural: Fringe","891"
"149028","Saint Anthony College of Nursing","2019","Illinois","Saint Anthony College of Nursing","Rockford","Illinois","61114","25948","26692","Under 1,000","Illinois","Private not-for-profit, 4-year or above","Four or more years","Private not-for-profit","Degree-granting","No","No","City: Midsize","242"
"149204","Educators of Beauty College of Cosmetology-Sterling","2019","Illinois","Educators of Beauty College of Cosmetology-Sterling","Sterling","Illinois","61081-3611",,,"Under 1,000","Illinois","Private for-profit, less-than 2-year","Less than 2 years (below associate)","Private for-profit","Nondegree-granting, primarily postsecondary","No","No","Town: Distant","41"
"149222","Southern Illinois University-Carbondale","2019","Illinois","Southern Illinois University-Carbondale","Carbondale","Illinois","62901-4512","14704","14904","10,000 - 19,999","Illinois","Public, 4-year or above","Four or more years","Public","Degree-granting","No","No","City: Small","11440"
"149231","Southern Illinois University-Edwardsville","2019","Illinois","Southern Illinois University-Edwardsville","Edwardsville","Illinois","62026-1259","12132","12219","10,000 - 19,999","Illinois","Public, 4-year or above","Four or more years","Public","Degree-granting","No","No","Suburb: Large","11754"
"149240","Southern Illinois University-System Office","2019","Illinois","Southern Illinois University-System Office","Carbondale","Illinois","62901-6801",,,"Not applicable","Illinois","Administrative Unit","Four or more years","Public","Degree-granting","No","No","Rural: Fringe",
"149310","Taylor Business Institute","2019","Illinois","Taylor Business Institute","Chicago","Illinois","60601","14325","14325","Under 1,000","Illinois","Private for-profit, 2-year","At least 2 but less than 4 years","Private for-profit","Degree-granting","No","No","City: Large","179"
"149329","Telshe Yeshiva-Chicago","2019","Illinois","Telshe Yeshiva-Chicago","Chicago","Illinois","60625","13500","14500","Under 1,000","Illinois","Private not-for-profit, 4-year or above","Four or more years","Private not-for-profit","Degree-granting","No","No","City: Large","91"
"149365","South Suburban College","2019","Illinois","South Suburban College","South Holland","Illinois","60473-1200","5093","5093","1,000 - 4,999","Illinois","Public, 2-year","At least 2 but less than 4 years","Public","Degree-granting","No","No","Suburb: Large","2678"
"149499","Tri-County Beauty Academy","2019","Illinois","Tri-County Beauty Academy","LITCHFIELD","Illinois","62056",,,"Under 1,000","Illinois","Private for-profit, less-than 2-year","Less than 2 years (below associate)","Private for-profit","Nondegree-granting, primarily postsecondary","No","No","Town: Distant","9"
"149505","Trinity Christian College","2019","Illinois","Trinity Christian College","Palos Heights","Illinois","60463-0929","30175","31175","1,000 - 4,999","Illinois","Private not-for-profit, 4-year or above","Four or more years","Private not-for-profit","Degree-granting","No","No","Suburb: Large","1273"
"149514","Trinity International University-Illinois","2019","Illinois","Trinity International University-Illinois","Deerfield","Illinois","60015-1283","32390","33028","1,000 - 4,999","Illinois","Private not-for-profit, 4-year or above","Four or more years","Private not-for-profit","Degree-granting","No","No","Suburb: Large","1216"
"149532","Triton College","2019","Illinois","Triton College","River Grove","Illinois","60171-1995","4170","4320","5,000 - 9,999","Illinois","Public, 2-year","At least 2 but less than 4 years","Public","Degree-granting","No","No","Suburb: Large","6695"
"149550","University of Spa & Cosmetology Arts","2019","Illinois","University of Spa & Cosmetology Arts","Springfield","Illinois","62704",,,"Under 1,000","Illinois","Private for-profit, less-than 2-year","Less than 2 years (below associate)","Private for-profit","Nondegree-granting, primarily postsecondary","No","No","City: Midsize","211"
"149587","University of Illinois University Administration","2019","Illinois","University of Illinois University Administration","Urbana","Illinois","61801",,,"Not applicable","Illinois","Administrative Unit","Four or more years","Public","Degree-granting","No","No","City: Small",
"149639","VanderCook College of Music","2019","Illinois","VanderCook College of Music","Chicago","Illinois","60616-3731","28434","29070","Under 1,000","Illinois","Private not-for-profit, 4-year or above","Four or more years","Private not-for-profit","Degree-granting","No","No","City: Large","218"
"149727","Waubonsee Community College","2019","Illinois","Waubonsee Community College","Sugar Grove","Illinois","60554-9454","3264","3312","5,000 - 9,999","Illinois","Public, 2-year","At least 2 but less than 4 years","Public","Degree-granting","No","No","Rural: Fringe","5959"
"149763","Resurrection University","2019","Illinois","Resurrection University","Chicago","Illinois","60622",,,"Under 1,000","Illinois","Private not-for-profit, 4-year or above","Four or more years","Private not-for-profit","Degree-granting","No","No","City: Large","1006"
"149772","Western Illinois University","2019","Illinois","Western Illinois University","Macomb","Illinois","61455","12951","13256","5,000 - 9,999","Illinois","Public, 4-year or above","Four or more years","Public","Degree-granting","No","No","Town: Remote","7508"
"149781","Wheaton College","2019","Illinois","Wheaton College","Wheaton","Illinois","60187-5593","36420","37700","1,000 - 4,999","Illinois","Private not-for-profit, 4-year or above","Four or more years","Private not-for-profit","Degree-granting","No","No","Suburb: Large","2921"
"149842","William Rainey Harper College","2019","Illinois","William Rainey Harper College","Palatine","Illinois","60067-7398","3684","3774","10,000 - 19,999","Illinois","Public, 2-year","At least 2 but less than 4 years","Public","Degree-granting","No","No","Suburb: Large","9161"
"244561","Cortiva Institute-Chicago","2019","Illinois","Cortiva Institute-Chicago","Chicago","Illinois","60602",,,"Not applicable","Illinois","Private for-profit, less-than 2-year","Less than 2 years (below associate)","Private for-profit","Nondegree-granting, primarily postsecondary","No","No","City: Large",
"244613","ETI School of Skilled Trades","2019","Illinois","ETI School of Skilled Trades","Willowbrook","Illinois","60527",,,"Under 1,000","Illinois","Private for-profit, less-than 2-year","Less than 2 years (below associate)","Private for-profit","Nondegree-granting, primarily postsecondary","No","No","Suburb: Large","272"
"260947","Christian Life College","2019","Illinois","Christian Life College","Mount Prospect","Illinois","60056-2522",,,"Under 1,000","Illinois","Private not-for-profit, 4-year or above","Four or more years","Private not-for-profit","Degree-granting","No","No","Suburb: Large",
"260965","Educators of Beauty College of Cosmetology-Rockford","2019","Illinois","Educators of Beauty College of Cosmetology-Rockford","Rockford","Illinois","61114",,,"Under 1,000","Illinois","Private for-profit, less-than 2-year","Less than 2 years (below associate)","Private for-profit","Nondegree-granting, primarily postsecondary","No","No","City: Midsize","89"
"260992","Northwestern College","2019","Illinois","Northwestern College","Bridgeview","Illinois","60455","18475","18475","Under 1,000","Illinois","Private for-profit, 4-year or above","Four or more years","Private for-profit","Degree-granting","No","No","Suburb: Large","695"
"364122","HSHS St. John's Hospital School of Clinical Laboratory Science","2019","Illinois","HSHS St. John's Hospital School of Clinical Laboratory Science","Springfield","Illinois","62769",,,"Not applicable","Illinois","Private not-for-profit, less-than 2-year","Less than 2 years (below associate)","Private not-for-profit","Nondegree-granting, primarily postsecondary","No","No","City: Midsize",
"364760","Bell Mar Beauty College","2019","Illinois","Bell Mar Beauty College","Cicero","Illinois","60804",,,"Under 1,000","Illinois","Private for-profit, less-than 2-year","Less than 2 years (below associate)","Private for-profit","Nondegree-granting, primarily postsecondary","No","No","Suburb: Large","77"
"366191","Universal Technical Institute of Illinois Inc","2019","Illinois","Universal Technical Institute of Illinois Inc","Lisle","Illinois","60532-0000",,,"1,000 - 4,999","Illinois","Private for-profit, 2-year","At least 2 but less than 4 years","Private for-profit","Nondegree-granting, primarily postsecondary","No","No","Suburb: Large","1459"
"367051","Hairmasters Institute of Cosmetology","2019","Illinois","Hairmasters Institute of Cosmetology","Bloomington","Illinois","61701",,,"Under 1,000","Illinois","Private for-profit, less-than 2-year","Less than 2 years (below associate)","Private for-profit","Nondegree-granting, primarily postsecondary","No","No","City: Small","110"
"367972","Capital Area School of Practical Nursing","2019","Illinois","Capital Area School of Practical Nursing","Springfield","Illinois","62712-3803",,,"Under 1,000","Illinois","Public, less-than 2-year","Less than 2 years (below associate)","Public","Nondegree-granting, primarily postsecondary","No","No","City: Midsize","188"
"367981","Hair Professionals Career College","2019","Illinois","Hair Professionals Career College","Palos Hills","Illinois","60465",,,"Under 1,000","Illinois","Private for-profit, less-than 2-year","Less than 2 years (below associate)","Private for-profit","Nondegree-granting, primarily postsecondary","No","No","Suburb: Large","58"
"369446","Rosel School of Cosmetology","2019","Illinois","Rosel School of Cosmetology","Niles","Illinois","60714",,,"Under 1,000","Illinois","Private for-profit, less-than 2-year","Less than 2 years (below associate)","Private for-profit","Nondegree-granting, primarily postsecondary","No","No","Suburb: Large","46"
"369455","Worsham College of Mortuary Science","2019","Illinois","Worsham College of Mortuary Science","Wheeling","Illinois","60090-2646","21800","21800","Under 1,000","Illinois","Private for-profit, 2-year","At least 2 but less than 4 years","Private for-profit","Degree-granting","No","No","Suburb: Large","112"
"373216","Pivot Point Academy","2019","Illinois","Pivot Point Academy","Bloomingdale","Illinois","60108-0000",,,"Under 1,000","Illinois","Private for-profit, less-than 2-year","Less than 2 years (below associate)","Private for-profit","Nondegree-granting, primarily postsecondary","No","No","Suburb: Large","143"
"384342","Heartland Community College","2019","Illinois","Heartland Community College","Normal","Illinois","61761-9446","4590","4740","1,000 - 4,999","Illinois","Public, 2-year","At least 2 but less than 4 years","Public","Degree-granting","No","No","Suburb: Midsize","3428"
"401481","Cannella School of Hair Design-Blue Island","2019","Illinois","Cannella School of Hair Design-Blue Island","Blue Island","Illinois","60406-2130",,,"Under 1,000","Illinois","Private for-profit, less-than 2-year","Less than 2 years (below associate)","Private for-profit","Nondegree-granting, primarily postsecondary","No","No","Suburb: Large","23"
"401764","John Amico School of Hair Design","2019","Illinois","John Amico School of Hair Design","Oak Forest","Illinois","60452-2501",,,"Under 1,000","Illinois","Private for-profit, less-than 2-year","Less than 2 years (below associate)","Private for-profit","Nondegree-granting, primarily postsecondary","No","No","Suburb: Large","244"
"403469","Frontier Community College","2019","Illinois","Frontier Community College","Fairfield","Illinois","62837","3970","4098","1,000 - 4,999","Illinois","Public, 2-year","At least 2 but less than 4 years","Public","Degree-granting","No","No","Town: Remote","754"
"403478","Lincoln Trail College","2019","Illinois","Lincoln Trail College","Robinson","Illinois","62454","3970","4098","Under 1,000","Illinois","Public, 2-year","At least 2 but less than 4 years","Public","Degree-granting","No","No","Rural: Fringe","633"
"403487","Wabash Valley College","2019","Illinois","Wabash Valley College","Mount Carmel","Illinois","62863","3970","4098","1,000 - 4,999","Illinois","Public, 2-year","At least 2 but less than 4 years","Public","Degree-granting","No","No","Town: Distant","1624"
"407090","G Skin & Beauty Institute","2019","Illinois","G Skin & Beauty Institute","Oakbrook","Illinois","60523",,,"Under 1,000","Illinois","Private for-profit, less-than 2-year","Less than 2 years (below associate)","Private for-profit","Nondegree-granting, primarily postsecondary","No","No","Suburb: Large","290"
"409254","Erikson Institute","2019","Illinois","Erikson Institute","Chicago","Illinois","60654-4510",,,"Under 1,000","Illinois","Private not-for-profit, 4-year or above","Four or more years","Private not-for-profit","Degree-granting","No","No","City: Large","231"
"417442","Career Center of Southern Illinois","2019","Illinois","Career Center of Southern Illinois","Red Bud","Illinois","62278",,,"Under 1,000","Illinois","Public, less-than 2-year","Less than 2 years (below associate)","Public","Nondegree-granting, primarily postsecondary","No","No","Rural: Distant","151"
"419253","Illinois Media School","2019","Illinois","Illinois Media School","Lombard","Illinois","60148",,,"Under 1,000","Illinois","Private for-profit, less-than 2-year","Less than 2 years (below associate)","Private for-profit","Nondegree-granting, primarily postsecondary","No","No","Suburb: Large","141"
"433165","Blessing Hospital School of Medical Laboratory Technology","2019","Illinois","Blessing Hospital School of Medical Laboratory Technology","Quincy","Illinois","62305-7005",,,"Under 1,000","Illinois","Private not-for-profit, less-than 2-year","Less than 2 years (below associate)","Private not-for-profit","Nondegree-granting, primarily postsecondary","No","No","Town: Remote","5"
"437556","Midwest Technical Institute-Springfield","2019","Illinois","Midwest Technical Institute-Springfield","Springfield","Illinois","62707",,,"Under 1,000","Illinois","Private for-profit, less-than 2-year","Less than 2 years (below associate)","Private for-profit","Nondegree-granting, primarily postsecondary","No","No","City: Midsize","701"
"439020","Midwest College of Oriental Medicine-Evanston","2019","Illinois","Midwest College of Oriental Medicine-Evanston","Evanston","Illinois","60201",,,"Under 1,000","Illinois","Private for-profit, 4-year or above","Four or more years","Private for-profit","Degree-granting","No","No","City: Small","79"
"442161","University of Phoenix-Illinois","2019","Illinois","University of Phoenix-Illinois","Chicago","Illinois","60601-1210",,,"Under 1,000","Illinois","Private for-profit, 4-year or above","Four or more years","Private for-profit","Degree-granting","No","No","City: Large","24"
"442842","Pacific College of Health Science-Chicago","2019","Illinois","Pacific College of Health Science-Chicago","Chicago","Illinois","60601","10210","6880","Under 1,000","Illinois","Private for-profit, 4-year or above","Four or more years","Private for-profit","Degree-granting","No","No","City: Large","211"
"443030","NorthShore University HealthSystem School of Nurse Anesthesia","2019","Illinois","NorthShore University HealthSystem School of Nurse Anesthesia","Evanston","Illinois","60201-1718",,,"Under 1,000","Illinois","Private not-for-profit, 4-year or above","Four or more years","Private not-for-profit","Nondegree-granting, primarily postsecondary","No","No","City: Small","85"
"443173","Mr John's School of Cosmetology & Nails-Jacksonville","2019","Illinois","Mr John's School of Cosmetology & Nails-Jacksonville","Jacksonville","Illinois","62650",,,"Under 1,000","Illinois","Private for-profit, less-than 2-year","Less than 2 years (below associate)","Private for-profit","Nondegree-granting, primarily postsecondary","No","No","Town: Distant","23"
"443368","Illinois Eastern Community College-System Office","2019","Illinois","Illinois Eastern Community College-System Office","Olney","Illinois","62450",,,"Not applicable","Illinois","Administrative Unit","At least 2 but less than 4 years","Public","Degree-granting","No","No","Town: Remote",
"443702","Bexley Hall Seabury Western Theological Seminary Federation, Inc.","2019","Illinois","Bexley Hall Seabury Western Theological Seminary Federation, Inc.","Chicago","Illinois","60637",,,"Under 1,000","Illinois","Private not-for-profit, 4-year or above","Four or more years","Private not-for-profit","Degree-granting","No","No","City: Large","37"
"445054","Toyota Technological Institute at Chicago","2019","Illinois","Toyota Technological Institute at Chicago","Chicago","Illinois","60637",,,"Under 1,000","Illinois","Private not-for-profit, 4-year or above","Four or more years","Private not-for-profit","Degree-granting","No","No","City: Large","26"
"445957","Soma Institute-The National School of Clinical Massage Therapy","2019","Illinois","Soma Institute-The National School of Clinical Massage Therapy","Chicago","Illinois","60604-4110",,,"Under 1,000","Illinois","Private for-profit, less-than 2-year","Less than 2 years (below associate)","Private for-profit","Nondegree-granting, primarily postsecondary","No","No","City: Large","160"
"446084","CALC Institute of Technology","2019","Illinois","CALC Institute of Technology","Alton","Illinois","62002",,,"Under 1,000","Illinois","Private for-profit, less-than 2-year","Less than 2 years (below associate)","Private for-profit","Nondegree-granting, primarily postsecondary","No","No","Suburb: Small","178"
"446251","Estelle Medical Academy","2019","Illinois","Estelle Medical Academy","Skokie","Illinois","60077","8680","8680","Under 1,000","Illinois","Private for-profit, less-than 2-year","Less than 2 years (below associate)","Private for-profit","Nondegree-granting, primarily postsecondary","No","No","City: Small","33"
"448673","Rasmussen College-Illinois","2019","Illinois","Rasmussen College-Illinois","Rockford","Illinois","61108-2513","10935","10935","1,000 - 4,999","Illinois","Private for-profit, 4-year or above","Four or more years","Private for-profit","Degree-granting","No","No","City: Midsize","1655"
"454218","Chamberlain University-Administrative Office","2019","Illinois","Chamberlain University-Administrative Office","Downers Grove","Illinois","60515-5683",,,"Not applicable","Illinois","Administrative Unit","Four or more years","Private for-profit","Degree-granting","No","No","Suburb: Large",
"454227","Chamberlain University-Illinois","2019","Illinois","Chamberlain University-Illinois","Addison","Illinois","60101","19375","19900","20,000 and above","Illinois","Private for-profit, 4-year or above","Four or more years","Private for-profit","Degree-granting","No","No","Suburb: Large","20580"
"454953","University of Aesthetics & Cosmetology","2019","Illinois","University of Aesthetics & Cosmetology","Chicago","Illinois","60622-2151",,,"Under 1,000","Illinois","Private for-profit, less-than 2-year","Less than 2 years (below associate)","Private for-profit","Nondegree-granting, primarily postsecondary","No","No","City: Large","53"
"454962","The University of Aesthetics & Cosmetology","2019","Illinois","The University of Aesthetics & Cosmetology","Downers Grove","Illinois","60515",,,"Under 1,000","Illinois","Private for-profit, less-than 2-year","Less than 2 years (below associate)","Private for-profit","Nondegree-granting, primarily postsecondary","No","No","Suburb: Large","55"
"454971","Tricoci University of Beauty Culture-Chicago NW","2019","Illinois","Tricoci University of Beauty Culture-Chicago NW","Chicago","Illinois","60656",,,"Under 1,000","Illinois","Private for-profit, less-than 2-year","Less than 2 years (below associate)","Private for-profit","Nondegree-granting, primarily postsecondary","No","No","City: Large","219"
"454980","Tricoci University of Beauty Culture-Glendale Heights","2019","Illinois","Tricoci University of Beauty Culture-Glendale Heights","Glendale Heights","Illinois","60139",,,"Under 1,000","Illinois","Private for-profit, less-than 2-year","Less than 2 years (below associate)","Private for-profit","Nondegree-granting, primarily postsecondary","No","No","Suburb: Large","87"
"454999","Tricoci University of Beauty Culture-Peoria","2019","Illinois","Tricoci University of Beauty Culture-Peoria","Peoria","Illinois","61614",,,"Under 1,000","Illinois","Private for-profit, less-than 2-year","Less than 2 years (below associate)","Private for-profit","Nondegree-granting, primarily postsecondary","No","No","City: Midsize","175"
"455008","Tricoci University of Beauty Culture-Rockford","2019","Illinois","Tricoci University of Beauty Culture-Rockford","Rockford","Illinois","61108",,,"Under 1,000","Illinois","Private for-profit, less-than 2-year","Less than 2 years (below associate)","Private for-profit","Nondegree-granting, primarily postsecondary","No","No","City: Midsize","267"
"455877","Aveda Institute-Chicago","2019","Illinois","Aveda Institute-Chicago","Chicago","Illinois","60657",,,"Under 1,000","Illinois","Private for-profit, less-than 2-year","Less than 2 years (below associate)","Private for-profit","Nondegree-granting, primarily postsecondary","No","No","City: Large","144"
"455886","Tricoci University of Beauty Culture-Libertyville","2019","Illinois","Tricoci University of Beauty Culture-Libertyville","Libertyville","Illinois","60048",,,"Under 1,000","Illinois","Private for-profit, less-than 2-year","Less than 2 years (below associate)","Private for-profit","Nondegree-granting, primarily postsecondary","No","No","Suburb: Large","135"
"455895","Tricoci University of Beauty Culture-Bridgeview","2019","Illinois","Tricoci University of Beauty Culture-Bridgeview","Bridgeview","Illinois","60455",,,"Under 1,000","Illinois","Private for-profit, less-than 2-year","Less than 2 years (below associate)","Private for-profit","Nondegree-granting, primarily postsecondary","No","No","Suburb: Large","260"
"457031","Capri Beauty College","2019","Illinois","Capri Beauty College","New Lenox","Illinois","60451",,,"Under 1,000","Illinois","Private for-profit, less-than 2-year","Less than 2 years (below associate)","Private for-profit","Nondegree-granting, primarily postsecondary","No","No","Suburb: Large","63"
"457527","Ambria College of Nursing","2019","Illinois","Ambria College of Nursing","Hoffman Estates","Illinois","60192",,,"Under 1,000","Illinois","Private for-profit, 4-year or above","Four or more years","Private for-profit","Degree-granting","No","No","City: Small","121"
"457536","Midwestern Career College","2019","Illinois","Midwestern Career College","Chicago","Illinois","60202",,,"Under 1,000","Illinois","Private for-profit, 2-year","At least 2 but less than 4 years","Private for-profit","Degree-granting","No","No","City: Large","395"
"457545","Paul Mitchell the School-Normal","2019","Illinois","Paul Mitchell the School-Normal","Normal","Illinois","61761",,,"Under 1,000","Illinois","Private for-profit, less-than 2-year","Less than 2 years (below associate)","Private for-profit","Nondegree-granting, primarily postsecondary","No","No","Suburb: Midsize","124"
"457554","Innovations Design Academy","2019","Illinois","Innovations Design Academy","Canton","Illinois","61520",,,"Under 1,000","Illinois","Private for-profit, less-than 2-year","Less than 2 years (below associate)","Private for-profit","Nondegree-granting, primarily postsecondary","No","No","Town: Distant","15"
"458265","Midwest Technical Institute-East Peoria","2019","Illinois","Midwest Technical Institute-East Peoria","East Peoria","Illinois","61611",,,"Under 1,000","Illinois","Private for-profit, less-than 2-year","Less than 2 years (below associate)","Private for-profit","Nondegree-granting, primarily postsecondary","No","No","Suburb: Large","858"
"458274","Paul Mitchell the School-Chicago","2019","Illinois","Paul Mitchell the School-Chicago","Chicago","Illinois","60607",,,"Under 1,000","Illinois","Private for-profit, less-than 2-year","Less than 2 years (below associate)","Private for-profit","Nondegree-granting, primarily postsecondary","No","No","City: Large","273"
"459374","Universal Spa Training Academy","2019","Illinois","Universal Spa Training Academy","Downers Grove","Illinois","60515",,,"Under 1,000","Illinois","Private for-profit, less-than 2-year","Less than 2 years (below associate)","Private for-profit","Nondegree-granting, primarily postsecondary","No","No","Suburb: Large","177"
"460145","Illinois Media School-Chicago Campus","2019","Illinois","Illinois Media School-Chicago Campus","Chicago","Illinois","60605",,,"Under 1,000","Illinois","Private for-profit, less-than 2-year","Less than 2 years (below associate)","Private for-profit","Nondegree-granting, primarily postsecondary","No","No","City: Large","125"
"461582","Estelle Skin Care and Spa Institute","2019","Illinois","Estelle Skin Care and Spa Institute","Skokie","Illinois","60077-9945",,,"Under 1,000","Illinois","Private for-profit, less-than 2-year","Less than 2 years (below associate)","Private for-profit","Nondegree-granting, primarily postsecondary","No","No","City: Small","100"
"462053","State Career College","2019","Illinois","State Career College","Waukegan","Illinois","60085-5129",,,"Under 1,000","Illinois","Private for-profit, less-than 2-year","Less than 2 years (below associate)","Private for-profit","Nondegree-granting, primarily postsecondary","No","No","Suburb: Large","177"
"462345","The Salon Professional Academy-Shorewood","2019","Illinois","The Salon Professional Academy-Shorewood","Shorewood","Illinois","60404-8789",,,"Under 1,000","Illinois","Private for-profit, less-than 2-year","Less than 2 years (below associate)","Private for-profit","Nondegree-granting, primarily postsecondary","No","No","Suburb: Large","114"
"469638","Midwest Technical Institute-Moline","2019","Illinois","Midwest Technical Institute-Moline","Moline","Illinois","61265-4421",,,"Under 1,000","Illinois","Private for-profit, 2-year","At least 2 but less than 4 years","Private for-profit","Nondegree-granting, primarily postsecondary","No","No","City: Small","570"
"470393","Tricoci University of Beauty Culture-Chicago NE","2019","Illinois","Tricoci University of Beauty Culture-Chicago NE","Chicago","Illinois","60626-5232",,,"Under 1,000","Illinois","Private for-profit, less-than 2-year","Less than 2 years (below associate)","Private for-profit","Nondegree-granting, primarily postsecondary","No","No","City: Large","109"
"475653","Reflections Academy of Beauty","2019","Illinois","Reflections Academy of Beauty","Decatur","Illinois","62523-1208",,,"Under 1,000","Illinois","Private for-profit, less-than 2-year","Less than 2 years (below associate)","Private for-profit","Nondegree-granting, primarily postsecondary","No","No","City: Small","49"
"476489","Larry's Barber College","2019","Illinois","Larry's Barber College","Chicago","Illinois","60628-2322",,,"Under 1,000","Illinois","Private for-profit, less-than 2-year","Less than 2 years (below associate)","Private for-profit","Nondegree-granting, primarily postsecondary","No","No","City: Large","210"
"476674","Curve Metric School of Hair Design","2019","Illinois","Curve Metric School of Hair Design","Elmwood Park","Illinois","60707-1118",,,"Under 1,000","Illinois","Private for-profit, less-than 2-year","Less than 2 years (below associate)","Private for-profit","Nondegree-granting, primarily postsecondary","No","No","Suburb: Large","38"
"481085","Verve College","2019","Illinois","Verve College","Oak Brook","Illinois","60523",,,"Under 1,000","Illinois","Private for-profit, less-than 2-year","Less than 2 years (below associate)","Private for-profit","Nondegree-granting, primarily postsecondary","No","No","Suburb: Large","339"
"481739","Empire Beauty School-Vernon Hills","2019","Illinois","Empire Beauty School-Vernon Hills","Vernon Hills","Illinois","60061-1519",,,"Under 1,000","Illinois","Private for-profit, less-than 2-year","Less than 2 years (below associate)","Private for-profit","Nondegree-granting, primarily postsecondary","No","No","Suburb: Large","86"
"481748","Empire Beauty School-Stone Park","2019","Illinois","Empire Beauty School-Stone Park","Stone Park","Illinois","60165-1010",,,"Under 1,000","Illinois","Private for-profit, less-than 2-year","Less than 2 years (below associate)","Private for-profit","Nondegree-granting, primarily postsecondary","No","No","Suburb: Large","130"
"482167","Trenz Beauty Academy","2019","Illinois","Trenz Beauty Academy","Calumet City","Illinois","60409",,,"Under 1,000","Illinois","Private for-profit, less-than 2-year","Less than 2 years (below associate)","Private for-profit","Nondegree-granting, primarily postsecondary","No","No","Suburb: Large","289"
"482477","DeVry University-Illinois","2019","Illinois","DeVry University-Illinois","Chicago","Illinois","60618","17509","17798","10,000 - 19,999","Illinois","Private for-profit, 4-year or above","Four or more years","Private for-profit","Degree-granting","No","No","City: Large","13030"
"483258","Networks Barber College","2019","Illinois","Networks Barber College","Calumet City","Illinois","60409",,,"Under 1,000","Illinois","Private for-profit, less-than 2-year","Less than 2 years (below associate)","Private for-profit","Nondegree-granting, primarily postsecondary","No","No","Suburb: Large","50"
"483328","Paul Mitchell the School-Lombard","2019","Illinois","Paul Mitchell the School-Lombard","Lombard","Illinois","60148",,,"Under 1,000","Illinois","Private for-profit, less-than 2-year","Less than 2 years (below associate)","Private for-profit","Nondegree-granting, primarily postsecondary","No","No","Suburb: Large","170"
"483911","Creative Touch Cosmetology School","2019","Illinois","Creative Touch Cosmetology School","Waterloo","Illinois","62298-1609",,,"Under 1,000","Illinois","Private for-profit, less-than 2-year","Less than 2 years (below associate)","Private for-profit","Nondegree-granting, primarily postsecondary","No","No","Town: Fringe","24"
"484084","Debutantes School of Cosmetology and Nail Technology","2019","Illinois","Debutantes School of Cosmetology and Nail Technology","Dekalb","Illinois","60115-3301",,,"Under 1,000","Illinois","Private for-profit, less-than 2-year","Less than 2 years (below associate)","Private for-profit","Nondegree-granting, primarily postsecondary","No","No","Suburb: Small","51"
"485139","SAE Institute of Technology-Chicago","2019","Illinois","SAE Institute of Technology-Chicago","Chicago","Illinois","60610-3132",,,"Under 1,000","Illinois","Private for-profit, 2-year","At least 2 but less than 4 years","Private for-profit","Degree-granting","No","No","City: Large","302"
"486345","HVAC Technical Institute","2019","Illinois","HVAC Technical Institute","Chicago","Illinois","60632-4457",,,"Under 1,000","Illinois","Private for-profit, less-than 2-year","Less than 2 years (below associate)","Private for-profit","Nondegree-granting, primarily postsecondary","No","No","City: Large","95"
"487533","Tricoci University of Beauty Culture-Elgin","2019","Illinois","Tricoci University of Beauty Culture-Elgin","Elgin","Illinois","60123-9412",,,"Under 1,000","Illinois","Private for-profit, less-than 2-year","Less than 2 years (below associate)","Private for-profit","Nondegree-granting, primarily postsecondary","No","No","City: Midsize","113"
"487968","CAAN Academy of Nursing","2019","Illinois","CAAN Academy of Nursing","Matteson","Illinois","60443-3821",,,"Under 1,000","Illinois","Private not-for-profit, less-than 2-year","Less than 2 years (below associate)","Private not-for-profit","Nondegree-granting, primarily postsecondary","No","No","Suburb: Large","95"
"488086","Northwest Suburban College","2019","Illinois","Northwest Suburban College","Rollng Meadows","Illinois","60008-4504",,,"Under 1,000","Illinois","Private not-for-profit, less-than 2-year","Less than 2 years (below associate)","Private not-for-profit","Nondegree-granting, primarily postsecondary","No","No","Suburb: Large","24"
"488396","Phipps Academy of Barbering","2019","Illinois","Phipps Academy of Barbering","Richton Park","Illinois","60471-1404",,,"Under 1,000","Illinois","Private for-profit, less-than 2-year","Less than 2 years (below associate)","Private for-profit","Nondegree-granting, primarily postsecondary","No","No","Suburb: Large","89"
"492227","Skokie Institute of Allied Health and Technology","2019","Illinois","Skokie Institute of Allied Health and Technology","Glenview","Illinois","60026",,,"Not reported","Illinois","Private not-for-profit, less-than 2-year","Less than 2 years (below associate)","Private not-for-profit","Nondegree-granting, primarily postsecondary","No","No","Suburb: Large",
"494852","Stautzenberger College-Rockford Career College","2019","Illinois","Stautzenberger College-Rockford Career College","Rockford","Illinois","61108-3900","14918","16549","Under 1,000","Illinois","Private for-profit, 2-year","At least 2 but less than 4 years","Private for-profit","Degree-granting","No","No","City: Midsize","605"
